time,arrived,rejected,waitline
0,30,0,30
1,24,0,40
2,29,0,55
3,29,0,70
4,32,0,88
5,21,0,95
6,23,0,104
7,29,0,119
8,22,0,127
9,26,0,139
10,25,0,150
11,26,0,162
12,23,0,171
13,25,0,182
14,34,0,202
15,32,0,220
16,27,0,233
17,28,0,247
18,20,0,253
19,26,0,265
20,15,0,266
21,21,0,273
22,20,0,279
23,29,0,294
24,20,0,300
25,24,0,310
26,19,0,315
27,19,0,320
28,42,0,348
29,21,0,355
30,25,0,366
31,30,0,382
32,26,0,394
33,22,0,402
34,27,0,415
35,25,0,426
36,25,0,437
37,35,0,458
38,22,0,466
39,29,0,481
40,25,0,492
41,29,0,507
42,24,0,517
43,31,0,534
44,22,0,542
45,23,0,551
46,29,0,566
47,32,0,584
48,18,0,588
49,33,0,607
50,25,0,618
51,18,0,622
52,21,0,629
53,27,0,642
54,31,0,659
55,23,0,668
56,18,0,672
57,15,0,673
58,24,0,683
59,18,0,687
60,21,0,694
61,35,0,715
62,32,0,733
63,30,0,749
64,22,0,757
65,25,0,768
66,23,0,777
67,28,0,791
68,25,2,800
69,27,13,800
70,25,11,800
71,17,3,800
72,24,10,800
73,33,19,800
74,33,19,800
75,28,14,800
76,22,8,800
77,28,14,800
78,27,13,800
79,23,9,800
80,27,13,800
81,20,6,800
82,24,10,800
83,31,17,800
84,30,16,800
85,23,9,800
86,21,7,800
87,31,17,800
88,23,9,800
89,27,13,800
90,34,20,800
91,26,12,800
92,27,13,800
93,30,16,800
94,24,10,800
95,32,18,800
96,24,10,800
97,29,15,800
98,27,13,800
99,32,18,800
100,25,11,800
101,21,7,800
102,34,20,800
103,32,18,800
104,20,6,800
105,31,17,800
106,27,13,800
107,24,10,800
108,26,12,800
109,22,8,800
110,29,15,800
111,22,8,800
112,24,10,800
113,21,7,800
114,21,7,800
115,22,8,800
116,26,12,800
117,24,10,800
118,20,6,800
119,32,18,800
120,37,23,800
121,37,23,800
122,45,31,800
123,50,36,800
124,60,46,800
125,55,41,800
126,48,34,800
127,43,29,800
128,49,35,800
129,43,29,800
130,41,27,800
131,40,26,800
132,46,32,800
133,40,26,800
134,38,24,800
135,49,35,800
136,37,23,800
137,50,36,800
138,38,24,800
139,49,35,800
140,36,22,800
141,56,42,800
142,34,20,800
143,45,31,800
144,39,25,800
145,40,26,800
146,51,37,800
147,49,35,800
148,48,34,800
149,58,44,800
150,47,33,800
151,50,36,800
152,36,22,800
153,38,24,800
154,45,31,800
155,36,22,800
156,35,21,800
157,39,25,800
158,44,30,800
159,51,37,800
160,46,32,800
161,50,36,800
162,34,20,800
163,38,24,800
164,77,63,800
165,39,25,800
166,53,39,800
167,37,23,800
168,65,51,800
169,35,21,800
170,53,39,800
171,35,21,800
172,28,14,800
173,55,41,800
174,46,32,800
175,39,25,800
176,38,24,800
177,43,29,800
178,54,40,800
179,51,37,800
180,42,28,800
181,46,32,800
182,46,32,800
183,44,30,800
184,48,34,800
185,37,23,800
186,45,31,800
187,50,36,800
188,41,27,800
189,62,48,800
190,46,32,800
191,53,39,800
192,49,35,800
193,47,33,800
194,33,19,800
195,49,35,800
196,51,37,800
197,55,41,800
198,53,39,800
199,51,37,800
200,59,45,800
201,49,35,800
202,54,40,800
203,60,46,800
204,48,34,800
205,45,31,800
206,38,24,800
207,51,37,800
208,53,39,800
209,36,22,800
210,47,33,800
211,40,26,800
212,47,33,800
213,40,26,800
214,48,34,800
215,42,28,800
216,42,28,800
217,40,26,800
218,35,21,800
219,47,33,800
220,40,26,800
221,47,33,800
222,45,31,800
223,58,44,800
224,41,27,800
225,46,32,800
226,49,35,800
227,37,23,800
228,44,30,800
229,46,32,800
230,56,42,800
231,44,30,800
232,42,28,800
233,52,38,800
234,44,30,800
235,28,14,800
236,42,28,800
237,47,33,800
238,51,37,800
239,40,26,800
240,38,24,800
241,35,21,800
242,35,21,800
243,32,18,800
244,38,24,800
245,30,16,800
246,37,23,800
247,25,11,800
248,34,20,800
249,38,24,800
250,38,24,800
251,37,23,800
252,33,19,800
253,30,16,800
254,36,22,800
255,37,23,800
256,39,25,800
257,32,18,800
258,39,25,800
259,30,16,800
260,44,30,800
261,38,24,800
262,37,23,800
263,31,17,800
264,35,21,800
265,27,13,800
266,31,17,800
267,42,28,800
268,38,24,800
269,27,13,800
270,28,14,800
271,33,19,800
272,36,22,800
273,36,22,800
274,37,23,800
275,32,18,800
276,39,25,800
277,32,18,800
278,32,18,800
279,30,16,800
280,48,34,800
281,20,6,800
282,41,27,800
283,32,18,800
284,30,16,800
285,34,20,800
286,46,32,800
287,43,29,800
288,39,25,800
289,38,24,800
290,28,14,800
291,38,24,800
292,33,19,800
293,39,25,800
294,45,31,800
295,43,29,800
296,41,27,800
297,30,16,800
298,40,26,800
299,36,22,800
300,32,18,800
301,43,29,800
302,43,29,800
303,42,28,800
304,35,21,800
305,36,22,800
306,29,15,800
307,31,17,800
308,42,28,800
309,35,21,800
310,34,20,800
311,41,27,800
312,35,21,800
313,32,18,800
314,30,16,800
315,38,24,800
316,38,24,800
317,29,15,800
318,36,22,800
319,35,21,800
320,41,27,800
321,38,24,800
322,30,16,800
323,30,16,800
324,35,21,800
325,28,14,800
326,29,15,800
327,33,19,800
328,32,18,800
329,44,30,800
330,43,29,800
331,37,23,800
332,41,27,800
333,40,26,800
334,35,21,800
335,32,18,800
336,33,19,800
337,37,23,800
338,36,22,800
339,31,17,800
340,29,15,800
341,27,13,800
342,28,14,800
343,37,23,800
344,33,19,800
345,32,18,800
346,32,18,800
347,27,13,800
348,34,20,800
349,44,30,800
350,36,22,800
351,31,17,800
352,37,23,800
353,39,25,800
354,35,21,800
355,29,15,800
356,42,28,800
357,37,23,800
358,35,21,800
359,30,16,800
360,36,22,800
361,34,20,800
362,41,27,800
363,33,19,800
364,31,17,800
365,32,18,800
366,39,25,800
367,37,23,800
368,48,34,800
369,32,18,800
370,43,29,800
371,29,15,800
372,34,20,800
373,21,7,800
374,40,26,800
375,39,25,800
376,32,18,800
377,28,14,800
378,42,28,800
379,38,38,800
380,26,12,800
381,34,20,800
382,49,35,800
383,38,24,800
384,30,16,800
385,34,20,800
386,42,28,800
387,27,13,800
388,28,14,800
389,33,19,800
390,32,18,800
391,37,23,800
392,40,26,800
393,28,14,800
394,26,12,800
395,26,12,800
396,34,20,800
397,40,26,800
398,38,24,800
399,34,20,800
400,28,14,800
401,36,22,800
402,36,22,800
403,35,21,800
404,36,22,800
405,33,19,800
406,32,18,800
407,42,28,800
408,34,20,800
409,29,15,800
410,36,22,800
411,35,21,800
412,37,23,800
413,36,22,800
414,31,17,800
415,41,27,800
416,26,12,800
417,27,13,800
418,44,30,800
419,29,15,800
420,35,21,800
421,30,16,800
422,41,27,800
423,32,18,800
424,33,19,800
425,42,28,800
426,32,18,800
427,40,26,800
428,37,23,800
429,25,11,800
430,31,17,800
431,39,25,800
432,37,23,800
433,41,27,800
434,32,18,800
435,30,16,800
436,30,16,800
437,37,23,800
438,28,14,800
439,38,24,800
440,40,26,800
441,38,24,800
442,30,16,800
443,33,19,800
444,32,18,800
445,34,20,800
446,31,17,800
447,33,19,800
448,35,21,800
449,29,15,800
450,36,22,800
451,23,9,800
452,33,19,800
453,33,19,800
454,32,18,800
455,39,25,800
456,31,17,800
457,37,23,800
458,36,22,800
459,43,29,800
460,38,24,800
461,40,26,800
462,38,24,800
463,32,18,800
464,37,23,800
465,21,7,800
466,35,21,800
467,41,27,800
468,37,23,800
469,37,23,800
470,35,21,800
471,33,19,800
472,33,19,800
473,38,24,800
474,40,26,800
475,38,24,800
476,29,15,800
477,25,11,800
478,26,12,800
479,38,24,800
480,21,7,800
481,26,12,800
482,28,14,800
483,26,12,800
484,11,0,797
485,13,0,796
486,22,4,800
487,22,8,800
488,27,13,800
489,30,16,800
490,20,6,800
491,23,9,800
492,27,13,800
493,31,17,800
494,27,13,800
495,22,8,800
496,31,17,800
497,21,7,800
498,20,6,800
499,25,11,800
500,30,16,800
501,27,13,800
502,32,18,800
503,21,7,800
504,24,10,800
505,28,14,800
506,31,17,800
507,25,11,800
508,28,14,800
509,33,19,800
510,21,7,800
511,32,18,800
512,25,11,800
513,33,19,800
514,25,11,800
515,25,11,800
516,33,19,800
517,29,15,800
518,29,15,800
519,26,12,800
520,27,13,800
521,39,25,800
522,33,19,800
523,23,9,800
524,31,17,800
525,26,12,800
526,27,13,800
527,28,14,800
528,29,15,800
529,29,15,800
530,22,8,800
531,26,12,800
532,24,10,800
533,20,6,800
534,29,15,800
535,31,17,800
536,31,17,800
537,27,13,800
538,24,10,800
539,26,12,800
540,26,12,800
541,27,13,800
542,25,11,800
543,20,6,800
544,26,12,800
545,16,2,800
546,28,14,800
547,25,11,800
548,30,16,800
549,25,11,800
550,19,5,800
551,25,11,800
552,25,11,800
553,17,3,800
554,29,15,800
555,23,9,800
556,27,13,800
557,24,10,800
558,20,6,800
559,24,10,800
560,21,7,800
561,24,10,800
562,15,1,800
563,28,14,800
564,26,12,800
565,29,15,800
566,26,12,800
567,24,10,800
568,25,11,800
569,39,25,800
570,17,3,800
571,18,4,800
572,27,13,800
573,26,12,800
574,21,7,800
575,21,7,800
576,27,13,800
577,32,18,800
578,28,14,800
579,24,10,800
580,24,10,800
581,30,16,800
582,34,20,800
583,33,19,800
584,31,17,800
585,29,15,800
586,23,9,800
587,25,11,800
588,21,7,800
589,25,11,800
590,33,19,800
591,24,10,800
592,31,17,800
593,35,21,800
594,20,6,800
595,24,10,800
596,29,15,800
597,29,15,800
598,32,18,800
599,22,8,800
